field,filter
245,ztfg
245,ztfr
246,ztfg
246,ztfr
247,ztfg
247,ztfr
248,ztfg
248,ztfr
249,ztfg
249,ztfr
250,ztfg
250,ztfr
251,ztfg
251,ztfr
252,ztfg
252,ztfr
253,ztfg
253,ztfr
254,ztfg
254,ztfr
255,ztfg
255,ztfr
256,ztfg
256,ztfr
257,ztfg
257,ztfr
258,ztfg
258,ztfr
259,ztfg
259,ztfr
260,ztfg
260,ztfr
261,ztfg
261,ztfr
262,ztfg
262,ztfr
263,ztfg
263,ztfr
264,ztfg
264,ztfr
265,ztfg
265,ztfr
266,ztfg
266,ztfr
267,ztfg
267,ztfr
268,ztfg
268,ztfr
269,ztfg
269,ztfr
270,ztfg
270,ztfr
271,ztfg
271,ztfr
272,ztfg
272,ztfr
273,ztfg
273,ztfr
274,ztfg
274,ztfr
275,ztfg
275,ztfr
276,ztfg
276,ztfr
277,ztfg
277,ztfr
278,ztfg
278,ztfr
279,ztfg
279,ztfr
280,ztfg
280,ztfr
281,ztfg
281,ztfr
282,ztfg
282,ztfr
283,ztfg
283,ztfr
284,ztfg
284,ztfr
285,ztfg
285,ztfr
286,ztfg
286,ztfr
287,ztfg
287,ztfr
288,ztfg
288,ztfr
289,ztfg
289,ztfr
290,ztfg
290,ztfr
291,ztfg
291,ztfr
292,ztfg
292,ztfr
292,ztfi
293,ztfg
293,ztfr
293,ztfi
294,ztfg
294,ztfr
294,ztfi
295,ztfg
295,ztfr
295,ztfi
296,ztfg
296,ztfr
296,ztfi
297,ztfg
297,ztfr
297,ztfi
298,ztfg
298,ztfr
298,ztfi
299,ztfg
299,ztfr
299,ztfi
300,ztfg
300,ztfr
300,ztfi
301,ztfg
301,ztfr
301,ztfi
302,ztfg
302,ztfr
302,ztfi
303,ztfg
303,ztfr
303,ztfi
304,ztfg
304,ztfr
304,ztfi
305,ztfg
305,ztfr
305,ztfi
306,ztfg
306,ztfr
307,ztfg
307,ztfr
308,ztfg
308,ztfr
309,ztfg
309,ztfr
309,ztfi
310,ztfg
310,ztfr
311,ztfg
311,ztfr
311,ztfi
312,ztfg
312,ztfr
312,ztfi
313,ztfg
313,ztfr
313,ztfi
314,ztfg
314,ztfr
314,ztfi
315,ztfg
315,ztfr
315,ztfi
316,ztfg
316,ztfr
316,ztfi
317,ztfg
317,ztfr
317,ztfi
318,ztfg
318,ztfr
318,ztfi
319,ztfg
319,ztfr
319,ztfi
320,ztfg
320,ztfr
320,ztfi
321,ztfg
321,ztfr
321,ztfi
322,ztfg
322,ztfr
322,ztfi
323,ztfg
323,ztfr
323,ztfi
324,ztfg
324,ztfr
324,ztfi
325,ztfg
325,ztfr
326,ztfg
326,ztfr
326,ztfi
327,ztfg
327,ztfr
328,ztfg
328,ztfr
329,ztfg
329,ztfr
330,ztfg
330,ztfr
331,ztfg
331,ztfr
332,ztfg
332,ztfr
332,ztfi
333,ztfg
333,ztfr
333,ztfi
334,ztfg
334,ztfr
335,ztfg
335,ztfr
336,ztfg
336,ztfr
337,ztfg
337,ztfr
337,ztfi
338,ztfg
338,ztfr
338,ztfi
339,ztfg
339,ztfr
339,ztfi
340,ztfg
340,ztfr
340,ztfi
341,ztfg
341,ztfr
341,ztfi
342,ztfg
342,ztfr
342,ztfi
343,ztfg
343,ztfr
343,ztfi
344,ztfg
344,ztfr
344,ztfi
345,ztfg
345,ztfr
345,ztfi
346,ztfg
346,ztfr
346,ztfi
347,ztfg
347,ztfr
347,ztfi
348,ztfg
348,ztfr
349,ztfg
349,ztfr
350,ztfg
350,ztfr
350,ztfi
351,ztfg
351,ztfr
351,ztfi
352,ztfg
352,ztfr
352,ztfi
353,ztfg
353,ztfr
353,ztfi
354,ztfg
354,ztfr
354,ztfi
355,ztfg
355,ztfr
355,ztfi
356,ztfg
356,ztfr
357,ztfg
357,ztfr
358,ztfg
358,ztfr
359,ztfg
359,ztfr
359,ztfi
360,ztfg
360,ztfr
360,ztfi
361,ztfg
361,ztfr
362,ztfg
362,ztfr
362,ztfi
363,ztfg
363,ztfr
363,ztfi
364,ztfg
364,ztfr
364,ztfi
365,ztfg
365,ztfr
365,ztfi
366,ztfg
366,ztfr
366,ztfi
367,ztfg
367,ztfr
367,ztfi
368,ztfg
368,ztfr
368,ztfi
369,ztfg
369,ztfr
369,ztfi
370,ztfg
370,ztfr
370,ztfi
371,ztfg
371,ztfr
371,ztfi
372,ztfg
372,ztfr
372,ztfi
373,ztfg
373,ztfr
373,ztfi
374,ztfg
374,ztfr
374,ztfi
375,ztfg
375,ztfr
375,ztfi
376,ztfg
376,ztfr
377,ztfg
377,ztfr
377,ztfi
378,ztfg
378,ztfr
379,ztfg
379,ztfr
380,ztfg
380,ztfr
381,ztfg
381,ztfr
382,ztfg
382,ztfr
383,ztfg
383,ztfr
383,ztfi
384,ztfg
384,ztfr
384,ztfi
385,ztfg
385,ztfr
386,ztfg
386,ztfr
387,ztfg
387,ztfr
388,ztfg
388,ztfr
388,ztfi
389,ztfg
389,ztfr
390,ztfg
390,ztfr
390,ztfi
391,ztfg
391,ztfr
391,ztfi
392,ztfg
392,ztfr
392,ztfi
393,ztfg
393,ztfr
393,ztfi
394,ztfg
394,ztfr
394,ztfi
395,ztfg
395,ztfr
395,ztfi
396,ztfg
396,ztfr
396,ztfi
397,ztfg
397,ztfr
397,ztfi
398,ztfg
398,ztfr
398,ztfi
399,ztfg
399,ztfr
399,ztfi
400,ztfg
400,ztfr
400,ztfi
401,ztfg
401,ztfr
401,ztfi
402,ztfg
402,ztfr
402,ztfi
403,ztfg
403,ztfr
403,ztfi
404,ztfg
404,ztfr
405,ztfg
405,ztfr
405,ztfi
406,ztfg
406,ztfr
406,ztfi
407,ztfg
407,ztfr
408,ztfg
408,ztfr
409,ztfg
409,ztfr
410,ztfg
410,ztfr
410,ztfi
411,ztfg
411,ztfr
411,ztfi
412,ztfg
412,ztfr
412,ztfi
413,ztfg
413,ztfr
413,ztfi
414,ztfg
414,ztfr
414,ztfi
415,ztfg
415,ztfr
415,ztfi
416,ztfg
416,ztfr
416,ztfi
417,ztfg
417,ztfr
417,ztfi
418,ztfg
418,ztfr
418,ztfi
419,ztfg
419,ztfr
419,ztfi
420,ztfg
420,ztfr
420,ztfi
421,ztfg
421,ztfr
421,ztfi
422,ztfg
422,ztfr
422,ztfi
423,ztfg
423,ztfr
423,ztfi
424,ztfg
424,ztfr
424,ztfi
425,ztfg
425,ztfr
425,ztfi
426,ztfg
426,ztfr
426,ztfi
427,ztfg
427,ztfr
427,ztfi
428,ztfg
428,ztfr
429,ztfg
429,ztfr
430,ztfg
430,ztfr
431,ztfg
431,ztfr
432,ztfg
432,ztfr
433,ztfg
433,ztfr
434,ztfg
434,ztfr
435,ztfg
435,ztfr
435,ztfi
436,ztfg
436,ztfr
436,ztfi
437,ztfg
437,ztfr
438,ztfg
438,ztfr
439,ztfg
439,ztfr
439,ztfi
440,ztfg
440,ztfr
440,ztfi
441,ztfg
441,ztfr
441,ztfi
442,ztfg
442,ztfr
442,ztfi
443,ztfg
443,ztfr
443,ztfi
444,ztfg
444,ztfr
444,ztfi
445,ztfg
445,ztfr
445,ztfi
446,ztfg
446,ztfr
446,ztfi
447,ztfg
447,ztfr
447,ztfi
448,ztfg
448,ztfr
448,ztfi
449,ztfg
449,ztfr
449,ztfi
450,ztfg
450,ztfr
450,ztfi
451,ztfg
451,ztfr
451,ztfi
452,ztfg
452,ztfr
452,ztfi
453,ztfg
453,ztfr
454,ztfg
454,ztfr
455,ztfg
455,ztfr
456,ztfg
456,ztfr
457,ztfg
457,ztfr
457,ztfi
458,ztfg
458,ztfr
459,ztfg
459,ztfr
460,ztfg
460,ztfr
460,ztfi
461,ztfg
461,ztfr
461,ztfi
462,ztfg
462,ztfr
463,ztfg
463,ztfr
463,ztfi
464,ztfg
464,ztfr
464,ztfi
465,ztfg
465,ztfr
465,ztfi
466,ztfg
466,ztfr
466,ztfi
467,ztfg
467,ztfr
467,ztfi
468,ztfg
468,ztfr
468,ztfi
469,ztfg
469,ztfr
469,ztfi
470,ztfg
470,ztfr
470,ztfi
471,ztfg
471,ztfr
471,ztfi
472,ztfg
472,ztfr
472,ztfi
473,ztfg
473,ztfr
473,ztfi
474,ztfg
474,ztfr
474,ztfi
475,ztfg
475,ztfr
475,ztfi
476,ztfg
476,ztfr
476,ztfi
477,ztfg
477,ztfr
477,ztfi
478,ztfg
478,ztfr
478,ztfi
479,ztfg
479,ztfr
479,ztfi
480,ztfg
480,ztfr
480,ztfi
481,ztfg
481,ztfr
481,ztfi
482,ztfg
482,ztfr
482,ztfi
483,ztfg
483,ztfr
484,ztfg
484,ztfr
485,ztfg
485,ztfr
486,ztfg
486,ztfr
487,ztfg
487,ztfr
487,ztfi
488,ztfg
488,ztfr
488,ztfi
489,ztfg
489,ztfr
490,ztfg
490,ztfr
491,ztfg
491,ztfr
491,ztfi
492,ztfg
492,ztfr
492,ztfi
493,ztfg
493,ztfr
493,ztfi
494,ztfg
494,ztfr
494,ztfi
495,ztfg
495,ztfr
495,ztfi
496,ztfg
496,ztfr
496,ztfi
497,ztfg
497,ztfr
497,ztfi
498,ztfg
498,ztfr
498,ztfi
499,ztfg
499,ztfr
499,ztfi
500,ztfg
500,ztfr
500,ztfi
501,ztfg
501,ztfr
501,ztfi
502,ztfg
502,ztfr
502,ztfi
503,ztfg
503,ztfr
503,ztfi
504,ztfg
504,ztfr
504,ztfi
505,ztfg
505,ztfr
505,ztfi
506,ztfg
506,ztfr
507,ztfg
507,ztfr
508,ztfg
508,ztfr
509,ztfg
509,ztfr
510,ztfg
510,ztfr
511,ztfg
511,ztfr
512,ztfg
512,ztfr
512,ztfi
513,ztfg
513,ztfr
513,ztfi
514,ztfg
514,ztfr
514,ztfi
515,ztfg
515,ztfr
515,ztfi
516,ztfg
516,ztfr
516,ztfi
517,ztfg
517,ztfr
517,ztfi
518,ztfg
518,ztfr
518,ztfi
519,ztfg
519,ztfr
519,ztfi
520,ztfg
520,ztfr
520,ztfi
521,ztfg
521,ztfr
521,ztfi
522,ztfg
522,ztfr
522,ztfi
523,ztfg
523,ztfr
523,ztfi
524,ztfg
524,ztfr
524,ztfi
525,ztfg
525,ztfr
525,ztfi
526,ztfg
526,ztfr
526,ztfi
527,ztfg
527,ztfr
527,ztfi
528,ztfg
528,ztfr
528,ztfi
529,ztfg
529,ztfr
529,ztfi
530,ztfg
530,ztfr
530,ztfi
531,ztfg
531,ztfr
531,ztfi
532,ztfg
532,ztfr
532,ztfi
533,ztfg
533,ztfr
533,ztfi
534,ztfg
534,ztfr
534,ztfi
535,ztfg
535,ztfr
535,ztfi
536,ztfg
536,ztfr
537,ztfg
537,ztfr
538,ztfg
538,ztfr
539,ztfg
539,ztfr
539,ztfi
540,ztfg
540,ztfr
540,ztfi
541,ztfg
541,ztfr
542,ztfg
542,ztfr
543,ztfg
543,ztfr
543,ztfi
544,ztfg
544,ztfr
544,ztfi
545,ztfg
545,ztfr
545,ztfi
546,ztfg
546,ztfr
546,ztfi
547,ztfg
547,ztfr
547,ztfi
548,ztfg
548,ztfr
548,ztfi
549,ztfg
549,ztfr
549,ztfi
550,ztfg
550,ztfr
550,ztfi
551,ztfg
551,ztfr
551,ztfi
552,ztfg
552,ztfr
552,ztfi
553,ztfg
553,ztfr
553,ztfi
554,ztfg
554,ztfr
554,ztfi
555,ztfg
555,ztfr
555,ztfi
556,ztfg
556,ztfr
556,ztfi
557,ztfg
557,ztfr
557,ztfi
558,ztfg
558,ztfr
559,ztfg
559,ztfr
560,ztfg
560,ztfr
561,ztfg
561,ztfr
562,ztfg
562,ztfr
562,ztfi
563,ztfg
563,ztfr
563,ztfi
564,ztfg
564,ztfr
564,ztfi
565,ztfg
565,ztfr
565,ztfi
566,ztfg
566,ztfr
566,ztfi
567,ztfg
567,ztfr
567,ztfi
568,ztfg
568,ztfr
568,ztfi
569,ztfg
569,ztfr
569,ztfi
570,ztfg
570,ztfr
570,ztfi
571,ztfg
571,ztfr
571,ztfi
572,ztfg
572,ztfr
572,ztfi
573,ztfg
573,ztfr
573,ztfi
574,ztfg
574,ztfr
574,ztfi
575,ztfg
575,ztfr
575,ztfi
576,ztfg
576,ztfr
576,ztfi
577,ztfg
577,ztfr
577,ztfi
578,ztfg
578,ztfr
578,ztfi
579,ztfg
579,ztfr
579,ztfi
580,ztfg
580,ztfr
580,ztfi
581,ztfg
581,ztfr
581,ztfi
582,ztfg
582,ztfr
582,ztfi
583,ztfg
583,ztfr
583,ztfi
584,ztfg
584,ztfr
584,ztfi
585,ztfg
585,ztfr
585,ztfi
586,ztfg
586,ztfr
586,ztfi
587,ztfg
587,ztfr
587,ztfi
588,ztfg
588,ztfr
589,ztfg
589,ztfr
590,ztfg
590,ztfr
590,ztfi
591,ztfg
591,ztfr
591,ztfi
592,ztfg
592,ztfr
593,ztfg
593,ztfr
593,ztfi
594,ztfg
594,ztfr
594,ztfi
595,ztfg
595,ztfr
596,ztfg
596,ztfr
596,ztfi
597,ztfg
597,ztfr
597,ztfi
598,ztfg
598,ztfr
599,ztfg
599,ztfr
599,ztfi
600,ztfg
600,ztfr
600,ztfi
601,ztfg
601,ztfr
601,ztfi
602,ztfg
602,ztfr
602,ztfi
603,ztfg
603,ztfr
603,ztfi
604,ztfg
604,ztfr
604,ztfi
605,ztfg
605,ztfr
605,ztfi
606,ztfg
606,ztfr
607,ztfg
607,ztfr
608,ztfg
608,ztfr
609,ztfg
609,ztfr
610,ztfg
610,ztfr
611,ztfg
611,ztfr
611,ztfi
612,ztfg
612,ztfr
612,ztfi
613,ztfg
613,ztfr
613,ztfi
614,ztfg
614,ztfr
614,ztfi
615,ztfg
615,ztfr
615,ztfi
616,ztfg
616,ztfr
616,ztfi
617,ztfg
617,ztfr
617,ztfi
618,ztfg
618,ztfr
618,ztfi
619,ztfg
619,ztfr
619,ztfi
620,ztfg
620,ztfr
620,ztfi
621,ztfg
621,ztfr
621,ztfi
622,ztfg
622,ztfr
622,ztfi
623,ztfg
623,ztfr
623,ztfi
624,ztfg
624,ztfr
624,ztfi
625,ztfg
625,ztfr
625,ztfi
626,ztfg
626,ztfr
626,ztfi
627,ztfg
627,ztfr
627,ztfi
628,ztfg
628,ztfr
628,ztfi
629,ztfg
629,ztfr
629,ztfi
630,ztfg
630,ztfr
630,ztfi
631,ztfg
631,ztfr
631,ztfi
632,ztfg
632,ztfr
632,ztfi
633,ztfg
633,ztfr
633,ztfi
634,ztfg
634,ztfr
634,ztfi
635,ztfg
635,ztfr
635,ztfi
636,ztfg
636,ztfr
637,ztfg
637,ztfr
638,ztfg
638,ztfr
639,ztfg
639,ztfr
639,ztfi
640,ztfg
640,ztfr
640,ztfi
641,ztfg
641,ztfr
642,ztfg
642,ztfr
643,ztfg
643,ztfr
643,ztfi
644,ztfg
644,ztfr
644,ztfi
645,ztfg
645,ztfr
645,ztfi
646,ztfg
646,ztfr
646,ztfi
647,ztfg
647,ztfr
647,ztfi
648,ztfg
648,ztfr
648,ztfi
649,ztfg
649,ztfr
649,ztfi
650,ztfg
650,ztfr
650,ztfi
651,ztfg
651,ztfr
651,ztfi
652,ztfg
652,ztfr
652,ztfi
653,ztfg
653,ztfr
653,ztfi
654,ztfg
654,ztfr
654,ztfi
655,ztfg
655,ztfr
656,ztfg
656,ztfr
657,ztfg
657,ztfr
658,ztfg
658,ztfr
658,ztfi
659,ztfg
659,ztfr
659,ztfi
660,ztfg
660,ztfr
660,ztfi
661,ztfg
661,ztfr
662,ztfg
662,ztfr
662,ztfi
663,ztfg
663,ztfr
663,ztfi
664,ztfg
664,ztfr
664,ztfi
665,ztfg
665,ztfr
665,ztfi
666,ztfg
666,ztfr
666,ztfi
667,ztfg
667,ztfr
667,ztfi
668,ztfg
668,ztfr
668,ztfi
669,ztfg
669,ztfr
669,ztfi
670,ztfg
670,ztfr
670,ztfi
671,ztfg
671,ztfr
671,ztfi
672,ztfg
672,ztfr
672,ztfi
673,ztfg
673,ztfr
673,ztfi
674,ztfg
674,ztfr
674,ztfi
675,ztfg
675,ztfr
675,ztfi
676,ztfg
676,ztfr
676,ztfi
677,ztfg
677,ztfr
677,ztfi
678,ztfg
678,ztfr
678,ztfi
679,ztfg
679,ztfr
679,ztfi
680,ztfg
680,ztfr
680,ztfi
681,ztfg
681,ztfr
681,ztfi
682,ztfg
682,ztfr
682,ztfi
683,ztfg
683,ztfr
683,ztfi
684,ztfg
684,ztfr
684,ztfi
685,ztfg
685,ztfr
686,ztfg
686,ztfr
686,ztfi
687,ztfg
687,ztfr
687,ztfi
688,ztfg
688,ztfr
689,ztfg
689,ztfr
690,ztfg
690,ztfr
691,ztfg
691,ztfr
691,ztfi
692,ztfg
692,ztfr
692,ztfi
693,ztfg
693,ztfr
693,ztfi
694,ztfg
694,ztfr
694,ztfi
695,ztfg
695,ztfr
695,ztfi
696,ztfg
696,ztfr
696,ztfi
697,ztfg
697,ztfr
697,ztfi
698,ztfg
698,ztfr
698,ztfi
699,ztfg
699,ztfr
700,ztfg
700,ztfr
701,ztfg
701,ztfr
702,ztfg
702,ztfr
702,ztfi
703,ztfg
703,ztfr
703,ztfi
704,ztfg
704,ztfr
704,ztfi
705,ztfg
705,ztfr
706,ztfg
706,ztfr
706,ztfi
707,ztfg
707,ztfr
707,ztfi
708,ztfg
708,ztfr
708,ztfi
709,ztfg
709,ztfr
709,ztfi
710,ztfg
710,ztfr
710,ztfi
711,ztfg
711,ztfr
711,ztfi
712,ztfg
712,ztfr
712,ztfi
713,ztfg
713,ztfr
713,ztfi
714,ztfg
714,ztfr
714,ztfi
715,ztfg
715,ztfr
715,ztfi
716,ztfg
716,ztfr
716,ztfi
717,ztfg
717,ztfr
717,ztfi
718,ztfg
718,ztfr
718,ztfi
719,ztfg
719,ztfr
719,ztfi
720,ztfg
720,ztfr
720,ztfi
721,ztfg
721,ztfr
721,ztfi
722,ztfg
722,ztfr
722,ztfi
723,ztfg
723,ztfr
723,ztfi
724,ztfg
724,ztfr
724,ztfi
725,ztfg
725,ztfr
725,ztfi
726,ztfg
726,ztfr
726,ztfi
727,ztfg
727,ztfr
728,ztfg
728,ztfr
729,ztfg
729,ztfr
729,ztfi
730,ztfg
730,ztfr
730,ztfi
731,ztfg
731,ztfr
732,ztfg
732,ztfr
733,ztfg
733,ztfr
734,ztfg
734,ztfr
735,ztfg
735,ztfr
736,ztfg
736,ztfr
736,ztfi
737,ztfg
737,ztfr
737,ztfi
738,ztfg
738,ztfr
738,ztfi
739,ztfg
739,ztfr
740,ztfg
740,ztfr
741,ztfg
741,ztfr
742,ztfg
742,ztfr
742,ztfi
743,ztfg
743,ztfr
743,ztfi
744,ztfg
744,ztfr
745,ztfg
745,ztfr
745,ztfi
746,ztfg
746,ztfr
746,ztfi
747,ztfg
747,ztfr
747,ztfi
748,ztfg
748,ztfr
748,ztfi
749,ztfg
749,ztfr
749,ztfi
750,ztfg
750,ztfr
750,ztfi
751,ztfg
751,ztfr
751,ztfi
752,ztfg
752,ztfr
752,ztfi
753,ztfg
753,ztfr
753,ztfi
754,ztfg
754,ztfr
754,ztfi
755,ztfg
755,ztfr
755,ztfi
756,ztfg
756,ztfr
756,ztfi
757,ztfg
757,ztfr
757,ztfi
758,ztfg
758,ztfr
758,ztfi
759,ztfg
759,ztfr
759,ztfi
760,ztfg
760,ztfr
760,ztfi
761,ztfg
761,ztfr
761,ztfi
762,ztfg
762,ztfr
762,ztfi
763,ztfg
763,ztfr
763,ztfi
764,ztfg
764,ztfr
764,ztfi
765,ztfg
765,ztfr
765,ztfi
766,ztfg
766,ztfr
766,ztfi
767,ztfg
767,ztfr
768,ztfg
768,ztfr
768,ztfi
769,ztfg
769,ztfr
769,ztfi
770,ztfg
770,ztfr
770,ztfi
771,ztfg
771,ztfr
772,ztfg
772,ztfr
773,ztfg
773,ztfr
774,ztfg
774,ztfr
775,ztfg
775,ztfr
776,ztfg
776,ztfr
777,ztfg
777,ztfr
778,ztfg
778,ztfr
778,ztfi
779,ztfg
779,ztfr
779,ztfi
780,ztfg
780,ztfr
781,ztfg
781,ztfr
782,ztfg
782,ztfr
782,ztfi
783,ztfg
783,ztfr
783,ztfi
784,ztfg
784,ztfr
784,ztfi
785,ztfg
785,ztfr
785,ztfi
786,ztfg
786,ztfr
786,ztfi
787,ztfg
787,ztfr
787,ztfi
788,ztfg
788,ztfr
788,ztfi
789,ztfg
789,ztfr
789,ztfi
790,ztfg
790,ztfr
790,ztfi
791,ztfg
791,ztfr
791,ztfi
792,ztfg
792,ztfr
792,ztfi
793,ztfg
793,ztfr
793,ztfi
794,ztfg
794,ztfr
794,ztfi
795,ztfg
795,ztfr
795,ztfi
796,ztfg
796,ztfr
796,ztfi
797,ztfg
797,ztfr
797,ztfi
798,ztfg
798,ztfr
798,ztfi
799,ztfg
799,ztfr
800,ztfg
800,ztfr
801,ztfg
801,ztfr
802,ztfg
802,ztfr
802,ztfi
803,ztfg
803,ztfr
804,ztfg
804,ztfr
805,ztfg
805,ztfr
806,ztfg
806,ztfr
806,ztfi
807,ztfg
807,ztfr
807,ztfi
808,ztfg
808,ztfr
808,ztfi
809,ztfg
809,ztfr
809,ztfi
810,ztfg
810,ztfr
811,ztfg
811,ztfr
812,ztfg
812,ztfr
813,ztfg
813,ztfr
814,ztfg
814,ztfr
814,ztfi
815,ztfg
815,ztfr
816,ztfg
816,ztfr
816,ztfi
817,ztfg
817,ztfr
817,ztfi
818,ztfg
818,ztfr
818,ztfi
819,ztfg
819,ztfr
819,ztfi
820,ztfg
820,ztfr
820,ztfi
821,ztfg
821,ztfr
821,ztfi
822,ztfg
822,ztfr
822,ztfi
823,ztfg
823,ztfr
823,ztfi
824,ztfg
824,ztfr
824,ztfi
825,ztfg
825,ztfr
825,ztfi
826,ztfg
826,ztfr
826,ztfi
827,ztfg
827,ztfr
827,ztfi
828,ztfg
828,ztfr
828,ztfi
829,ztfg
829,ztfr
830,ztfg
830,ztfr
830,ztfi
831,ztfg
831,ztfr
831,ztfi
832,ztfg
832,ztfr
832,ztfi
833,ztfg
833,ztfr
833,ztfi
834,ztfg
834,ztfr
835,ztfg
835,ztfr
836,ztfg
836,ztfr
837,ztfg
837,ztfr
838,ztfg
838,ztfr
838,ztfi
839,ztfg
839,ztfr
839,ztfi
840,ztfg
840,ztfr
840,ztfi
841,ztfg
841,ztfr
842,ztfg
842,ztfr
842,ztfi
843,ztfg
843,ztfr
843,ztfi
844,ztfg
844,ztfr
844,ztfi
845,ztfg
845,ztfr
845,ztfi
846,ztfg
846,ztfr
846,ztfi
847,ztfg
847,ztfr
847,ztfi
848,ztfg
848,ztfr
848,ztfi
849,ztfg
849,ztfr
849,ztfi
850,ztfg
850,ztfr
851,ztfg
851,ztfr
852,ztfg
852,ztfr
853,ztfg
853,ztfr
854,ztfg
854,ztfr
855,ztfg
855,ztfr
856,ztfg
856,ztfr
857,ztfg
857,ztfr
858,ztfg
858,ztfr
858,ztfi
859,ztfg
859,ztfr
859,ztfi
860,ztfg
860,ztfr
860,ztfi
861,ztfg
861,ztfr
861,ztfi
862,ztfg
862,ztfr
862,ztfi
863,ztfg
863,ztfr
863,ztfi
864,ztfg
864,ztfr
864,ztfi
865,ztfg
865,ztfr
865,ztfi
866,ztfg
866,ztfr
867,ztfg
867,ztfr
868,ztfg
868,ztfr
869,ztfg
869,ztfr
870,ztfg
870,ztfr
870,ztfi
871,ztfg
871,ztfr
871,ztfi
872,ztfg
872,ztfr
872,ztfi
873,ztfg
873,ztfr
874,ztfg
874,ztfr
874,ztfi
875,ztfg
875,ztfr
875,ztfi
876,ztfg
876,ztfr
876,ztfi
877,ztfg
877,ztfr
1241,ztfg
1243,ztfg
1243,ztfr
1244,ztfg
1244,ztfr
1245,ztfg
1245,ztfr
1246,ztfg
1246,ztfr
1247,ztfg
1247,ztfr
1248,ztfg
1248,ztfr
1249,ztfg
1287,ztfg
1287,ztfr
1288,ztfg
1288,ztfr
1289,ztfg
1289,ztfr
1290,ztfg
1290,ztfr
1291,ztfg
1291,ztfr
1292,ztfg
1292,ztfr
1293,ztfg
1293,ztfr
1294,ztfg
1294,ztfr
1295,ztfg
1295,ztfr
1296,ztfg
1296,ztfr
1297,ztfg
1297,ztfr
1298,ztfg
1298,ztfr
1299,ztfg
1299,ztfr
1300,ztfg
1300,ztfr
1301,ztfr
1333,ztfg
1333,ztfr
1334,ztfg
1334,ztfr
1335,ztfg
1335,ztfr
1336,ztfg
1336,ztfr
1337,ztfg
1337,ztfr
1338,ztfg
1338,ztfr
1339,ztfg
1339,ztfr
1340,ztfg
1340,ztfr
1341,ztfg
1341,ztfr
1342,ztfg
1342,ztfr
1343,ztfg
1343,ztfr
1344,ztfg
1344,ztfr
1345,ztfg
1345,ztfr
1346,ztfg
1346,ztfr
1347,ztfg
1347,ztfr
1348,ztfg
1348,ztfr
1349,ztfg
1349,ztfr
1350,ztfg
1350,ztfr
1351,ztfg
1351,ztfr
1352,ztfg
1352,ztfr
1353,ztfr
1354,ztfr
1356,ztfr
1377,ztfg
1377,ztfr
1383,ztfg
1383,ztfr
1384,ztfg
1384,ztfr
1385,ztfg
1385,ztfr
1386,ztfg
1386,ztfr
1387,ztfg
1387,ztfr
1388,ztfg
1388,ztfr
1389,ztfg
1389,ztfr
1390,ztfg
1390,ztfr
1391,ztfg
1391,ztfr
1392,ztfg
1392,ztfr
1393,ztfg
1393,ztfr
1394,ztfg
1394,ztfr
1395,ztfg
1395,ztfr
1396,ztfg
1396,ztfr
1397,ztfg
1397,ztfr
1398,ztfg
1398,ztfr
1399,ztfg
1399,ztfr
1400,ztfg
1400,ztfr
1401,ztfg
1401,ztfr
1402,ztfg
1402,ztfr
1403,ztfg
1403,ztfr
1404,ztfg
1404,ztfr
1405,ztfg
1405,ztfr
1406,ztfg
1406,ztfr
1407,ztfr
1408,ztfr
1409,ztfr
1425,ztfg
1426,ztfg
1427,ztfg
1428,ztfg
1429,ztfg
1429,ztfr
1430,ztfg
1430,ztfr
1431,ztfg
1431,ztfr
1433,ztfg
1433,ztfr
1434,ztfg
1434,ztfr
1435,ztfg
1435,ztfr
1436,ztfg
1436,ztfr
1437,ztfg
1437,ztfr
1438,ztfg
1438,ztfr
1439,ztfg
1439,ztfr
1440,ztfg
1440,ztfr
1441,ztfg
1441,ztfr
1442,ztfg
1442,ztfr
1443,ztfg
1443,ztfr
1444,ztfg
1444,ztfr
1445,ztfg
1445,ztfr
1446,ztfg
1446,ztfr
1447,ztfg
1447,ztfr
1448,ztfg
1448,ztfr
1449,ztfg
1449,ztfr
1450,ztfg
1450,ztfr
1451,ztfg
1451,ztfr
1452,ztfg
1452,ztfr
1453,ztfg
1453,ztfr
1454,ztfg
1454,ztfr
1455,ztfg
1455,ztfr
1456,ztfg
1456,ztfr
1457,ztfg
1457,ztfr
1458,ztfg
1458,ztfr
1459,ztfg
1459,ztfr
1460,ztfg
1460,ztfr
1461,ztfg
1461,ztfr
1462,ztfg
1462,ztfr
1463,ztfr
1476,ztfg
1476,ztfr
1477,ztfg
1477,ztfr
1478,ztfg
1478,ztfr
1479,ztfg
1479,ztfr
1480,ztfg
1480,ztfr
1481,ztfg
1481,ztfr
1482,ztfg
1482,ztfr
1483,ztfg
1483,ztfr
1484,ztfg
1484,ztfr
1485,ztfg
1485,ztfr
1486,ztfg
1486,ztfr
1487,ztfg
1487,ztfr
1488,ztfg
1488,ztfr
1489,ztfg
1489,ztfr
1490,ztfg
1490,ztfr
1491,ztfg
1491,ztfr
1492,ztfg
1492,ztfr
1493,ztfg
1493,ztfr
1493,ztfi
1494,ztfg
1494,ztfr
1494,ztfi
1495,ztfg
1495,ztfr
1495,ztfi
1496,ztfg
1496,ztfr
1496,ztfi
1497,ztfg
1497,ztfr
1497,ztfi
1498,ztfg
1498,ztfr
1498,ztfi
1499,ztfg
1499,ztfr
1499,ztfi
1500,ztfg
1500,ztfr
1501,ztfg
1501,ztfr
1502,ztfg
1502,ztfr
1503,ztfg
1503,ztfr
1504,ztfg
1504,ztfr
1505,ztfg
1505,ztfr
1506,ztfg
1506,ztfr
1507,ztfg
1507,ztfr
1508,ztfg
1508,ztfr
1509,ztfg
1509,ztfr
1510,ztfg
1510,ztfr
1511,ztfg
1511,ztfr
1512,ztfg
1512,ztfr
1513,ztfr
1514,ztfg
1514,ztfr
1515,ztfg
1515,ztfr
1516,ztfg
1516,ztfr
1517,ztfg
1517,ztfr
1520,ztfr
1523,ztfg
1525,ztfg
1525,ztfr
1526,ztfg
1526,ztfr
1528,ztfg
1529,ztfr
1530,ztfr
1531,ztfg
1532,ztfg
1532,ztfr
1533,ztfg
1533,ztfr
1534,ztfg
1534,ztfr
1535,ztfg
1535,ztfr
1536,ztfg
1536,ztfr
1537,ztfg
1537,ztfr
1538,ztfg
1538,ztfr
1539,ztfg
1539,ztfr
1540,ztfg
1540,ztfr
1541,ztfg
1541,ztfr
1542,ztfg
1542,ztfr
1543,ztfg
1543,ztfr
1543,ztfi
1544,ztfg
1544,ztfr
1544,ztfi
1545,ztfg
1545,ztfr
1545,ztfi
1546,ztfg
1546,ztfr
1546,ztfi
1547,ztfg
1547,ztfr
1547,ztfi
1548,ztfg
1548,ztfr
1548,ztfi
1549,ztfg
1549,ztfr
1549,ztfi
1550,ztfg
1550,ztfr
1550,ztfi
1551,ztfg
1551,ztfr
1551,ztfi
1552,ztfg
1552,ztfr
1552,ztfi
1553,ztfg
1553,ztfr
1554,ztfg
1554,ztfr
1555,ztfg
1555,ztfr
1556,ztfg
1556,ztfr
1557,ztfg
1557,ztfr
1558,ztfg
1558,ztfr
1559,ztfg
1559,ztfr
1560,ztfg
1560,ztfr
1561,ztfg
1561,ztfr
1562,ztfg
1562,ztfr
1563,ztfg
1563,ztfr
1564,ztfg
1564,ztfr
1565,ztfg
1565,ztfr
1566,ztfg
1566,ztfr
1567,ztfg
1567,ztfr
1568,ztfg
1568,ztfr
1569,ztfg
1569,ztfr
1570,ztfg
1570,ztfr
1571,ztfr
1571,ztfi
1572,ztfg
1572,ztfr
1572,ztfi
1573,ztfg
1573,ztfr
1574,ztfg
1574,ztfr
1575,ztfg
1575,ztfr
1576,ztfr
1577,ztfg
1577,ztfr
1577,ztfi
1578,ztfg
1578,ztfr
1579,ztfg
1579,ztfr
1580,ztfg
1580,ztfr
1581,ztfg
1581,ztfr
1582,ztfg
1582,ztfr
1583,ztfg
1583,ztfr
1584,ztfg
1584,ztfr
1585,ztfg
1585,ztfr
1586,ztfg
1586,ztfr
1587,ztfg
1587,ztfr
1588,ztfg
1588,ztfr
1589,ztfg
1589,ztfr
1590,ztfg
1590,ztfr
1591,ztfg
1591,ztfr
1592,ztfg
1592,ztfr
1593,ztfg
1593,ztfr
1594,ztfg
1594,ztfr
1594,ztfi
1595,ztfg
1595,ztfr
1595,ztfi
1596,ztfg
1596,ztfr
1596,ztfi
1597,ztfg
1597,ztfr
1598,ztfg
1598,ztfr
1598,ztfi
1599,ztfg
1599,ztfr
1599,ztfi
1600,ztfg
1600,ztfr
1601,ztfg
1601,ztfr
1601,ztfi
1602,ztfg
1602,ztfr
1603,ztfg
1603,ztfr
1604,ztfg
1604,ztfr
1605,ztfg
1605,ztfr
1606,ztfg
1606,ztfr
1607,ztfg
1607,ztfr
1608,ztfg
1608,ztfr
1609,ztfg
1609,ztfr
1610,ztfg
1610,ztfr
1611,ztfg
1611,ztfr
1612,ztfg
1612,ztfr
1613,ztfg
1613,ztfr
1614,ztfg
1614,ztfr
1615,ztfg
1615,ztfr
1616,ztfg
1616,ztfr
1617,ztfg
1617,ztfr
1617,ztfi
1618,ztfg
1618,ztfr
1618,ztfi
1619,ztfg
1619,ztfr
1619,ztfi
1620,ztfg
1620,ztfr
1621,ztfg
1621,ztfr
1622,ztfg
1622,ztfr
1622,ztfi
1623,ztfg
1623,ztfr
1623,ztfi
1624,ztfg
1624,ztfr
1625,ztfg
1625,ztfr
1625,ztfi
1626,ztfg
1626,ztfr
1626,ztfi
1627,ztfg
1627,ztfr
1627,ztfi
1628,ztfg
1628,ztfr
1629,ztfg
1629,ztfr
1630,ztfg
1630,ztfr
1631,ztfg
1631,ztfr
1632,ztfg
1632,ztfr
1633,ztfg
1633,ztfr
1634,ztfg
1634,ztfr
1635,ztfg
1635,ztfr
1636,ztfg
1636,ztfr
1637,ztfg
1637,ztfr
1638,ztfg
1638,ztfr
1639,ztfg
1639,ztfr
1640,ztfg
1640,ztfr
1641,ztfg
1641,ztfr
1642,ztfg
1642,ztfr
1643,ztfg
1643,ztfr
1643,ztfi
1644,ztfg
1644,ztfr
1644,ztfi
1645,ztfg
1645,ztfr
1645,ztfi
1646,ztfg
1646,ztfr
1646,ztfi
1647,ztfg
1647,ztfr
1647,ztfi
1648,ztfg
1648,ztfr
1648,ztfi
1649,ztfg
1649,ztfr
1649,ztfi
1650,ztfg
1650,ztfr
1651,ztfg
1651,ztfr
1652,ztfg
1652,ztfr
1653,ztfg
1653,ztfr
1654,ztfg
1654,ztfr
1655,ztfg
1655,ztfr
1656,ztfg
1656,ztfr
1657,ztfg
1657,ztfr
1658,ztfg
1658,ztfr
1659,ztfg
1659,ztfr
1660,ztfg
1660,ztfr
1661,ztfg
1661,ztfr
1662,ztfg
1662,ztfr
1663,ztfg
1663,ztfr
1663,ztfi
1664,ztfg
1664,ztfr
1665,ztfg
1665,ztfr
1665,ztfi
1666,ztfg
1666,ztfr
1666,ztfi
1667,ztfg
1667,ztfr
1667,ztfi
1668,ztfg
1668,ztfr
1669,ztfg
1669,ztfr
1669,ztfi
1670,ztfg
1670,ztfr
1670,ztfi
1671,ztfg
1671,ztfr
1671,ztfi
1672,ztfg
1672,ztfr
1673,ztfg
1673,ztfr
1673,ztfi
1674,ztfg
1674,ztfr
1674,ztfi
1675,ztfg
1675,ztfr
1675,ztfi
1676,ztfg
1676,ztfr
1677,ztfg
1677,ztfr
1678,ztfg
1678,ztfr
1679,ztfg
1679,ztfr
1680,ztfg
1680,ztfr
1681,ztfg
1681,ztfr
1682,ztfg
1682,ztfr
1683,ztfg
1683,ztfr
1684,ztfg
1684,ztfr
1685,ztfg
1685,ztfr
1686,ztfg
1686,ztfr
1687,ztfg
1687,ztfr
1688,ztfg
1688,ztfr
1689,ztfg
1689,ztfr
1690,ztfg
1690,ztfr
1691,ztfg
1691,ztfr
1692,ztfg
1692,ztfr
1693,ztfg
1693,ztfr
1694,ztfg
1694,ztfr
1695,ztfg
1695,ztfr
1696,ztfg
1696,ztfr
1697,ztfg
1697,ztfr
1698,ztfg
1698,ztfr
1699,ztfg
1699,ztfr
1700,ztfg
1700,ztfr
1701,ztfg
1701,ztfr
1702,ztfg
1702,ztfr
1703,ztfg
1703,ztfr
1704,ztfg
1704,ztfr
1705,ztfg
1705,ztfr
1706,ztfg
1706,ztfr
1707,ztfg
1707,ztfr
1708,ztfg
1708,ztfr
1709,ztfg
1709,ztfr
1710,ztfg
1710,ztfr
1710,ztfi
1711,ztfg
1711,ztfr
1711,ztfi
1712,ztfg
1712,ztfr
1712,ztfi
1713,ztfg
1713,ztfr
1714,ztfg
1714,ztfr
1714,ztfi
1715,ztfg
1715,ztfr
1715,ztfi
1716,ztfg
1716,ztfr
1716,ztfi
1717,ztfg
1717,ztfr
1718,ztfg
1718,ztfr
1718,ztfi
1719,ztfg
1719,ztfr
1719,ztfi
1720,ztfg
1720,ztfr
1720,ztfi
1721,ztfg
1721,ztfr
1722,ztfg
1722,ztfr
1723,ztfg
1723,ztfr
1724,ztfg
1724,ztfr
1725,ztfg
1725,ztfr
1726,ztfg
1726,ztfr
1727,ztfg
1727,ztfr
1728,ztfg
1728,ztfr
1729,ztfg
1729,ztfr
1730,ztfg
1730,ztfr
1731,ztfg
1731,ztfr
1732,ztfg
1732,ztfr
1733,ztfg
1733,ztfr
1734,ztfg
1734,ztfr
1735,ztfg
1735,ztfr
1736,ztfg
1736,ztfr
1737,ztfg
1737,ztfr
1738,ztfg
1738,ztfr
1739,ztfg
1739,ztfr
1740,ztfg
1740,ztfr
1741,ztfg
1741,ztfr
1742,ztfg
1742,ztfr
1743,ztfg
1743,ztfr
1744,ztfg
1744,ztfr
1745,ztfg
1745,ztfr
1746,ztfg
1746,ztfr
1747,ztfg
1747,ztfr
1748,ztfg
1748,ztfr
1749,ztfg
1749,ztfr
1750,ztfg
1750,ztfr
1751,ztfg
1751,ztfr
1751,ztfi
1752,ztfg
1752,ztfr
1752,ztfi
1753,ztfg
1753,ztfr
1753,ztfi
1754,ztfg
1754,ztfr
1755,ztfg
1755,ztfr
1755,ztfi
1756,ztfg
1756,ztfr
1756,ztfi
1757,ztfg
1757,ztfr
1757,ztfi
1758,ztfg
1758,ztfr
1759,ztfg
1759,ztfr
1759,ztfi
1760,ztfr
1761,ztfg
1761,ztfr
1761,ztfi
1762,ztfg
1762,ztfr
1763,ztfg
1763,ztfr
1764,ztfg
1764,ztfr
1765,ztfg
1765,ztfr
1766,ztfg
1766,ztfr
1767,ztfg
1767,ztfr
1768,ztfg
1768,ztfr
1769,ztfg
1769,ztfr
1770,ztfg
1770,ztfr
1771,ztfg
1771,ztfr
1772,ztfg
1772,ztfr
1773,ztfg
1773,ztfr
1774,ztfg
1774,ztfr
1775,ztfg
1775,ztfr
1775,ztfi
1776,ztfg
1776,ztfr
1777,ztfg
1777,ztfr
1778,ztfg
1778,ztfr
1779,ztfg
1779,ztfr
1780,ztfg
1780,ztfr
1781,ztfg
1781,ztfr
1782,ztfg
1782,ztfr
1783,ztfg
1783,ztfr
1784,ztfg
1784,ztfr
1785,ztfg
1785,ztfr
1786,ztfg
1786,ztfr
1787,ztfg
1787,ztfr
1788,ztfg
1788,ztfr
1789,ztfg
1789,ztfr
1790,ztfg
1790,ztfr
1791,ztfg
1791,ztfr
1792,ztfg
1792,ztfr
1793,ztfr
1794,ztfr
1795,ztfg
1795,ztfr
1796,ztfr
1797,ztfr
1798,ztfg
1798,ztfr
1799,ztfg
1799,ztfr
1800,ztfg
1800,ztfr
1801,ztfg
1801,ztfr
1802,ztfg
1802,ztfr
1803,ztfg
1803,ztfr
1804,ztfg
1804,ztfr
1805,ztfg
1805,ztfr
1806,ztfg
1806,ztfr
1807,ztfg
1807,ztfr
1808,ztfg
1808,ztfr
1809,ztfg
1809,ztfr
1810,ztfg
1810,ztfr
1810,ztfi
1811,ztfg
1811,ztfr
1811,ztfi
1812,ztfg
1812,ztfr
1813,ztfg
1813,ztfr
1814,ztfg
1814,ztfr
1815,ztfg
1815,ztfr
1816,ztfg
1816,ztfr
1817,ztfg
1817,ztfr
1818,ztfg
1818,ztfr
1819,ztfg
1819,ztfr
1820,ztfg
1820,ztfr
1821,ztfg
1821,ztfr
1822,ztfg
1822,ztfr
1823,ztfg
1823,ztfr
1824,ztfg
1824,ztfr
1825,ztfr
1826,ztfr
1827,ztfr
1828,ztfr
1829,ztfr
1830,ztfg
1830,ztfr
1831,ztfg
1831,ztfr
1832,ztfg
1832,ztfr
1833,ztfg
1833,ztfr
1834,ztfg
1834,ztfr
1835,ztfg
1835,ztfr
1836,ztfg
1836,ztfr
1837,ztfg
1837,ztfr
1838,ztfg
1838,ztfr
1839,ztfg
1839,ztfr
1840,ztfg
1840,ztfr
1841,ztfg
1841,ztfr
1842,ztfg
1842,ztfr
1843,ztfg
1843,ztfr
1844,ztfg
1844,ztfr
1845,ztfg
1845,ztfr
1846,ztfg
1846,ztfr
1847,ztfg
1847,ztfr
1848,ztfg
1848,ztfr
1849,ztfg
1849,ztfr
1850,ztfg
1850,ztfr
1851,ztfr
1852,ztfr
1853,ztfr
1854,ztfr
1855,ztfr
1856,ztfg
1856,ztfr
1857,ztfg
1857,ztfr
1858,ztfg
1858,ztfr
1859,ztfg
1859,ztfr
1860,ztfg
1860,ztfr
1861,ztfg
1861,ztfr
1862,ztfg
1862,ztfr
1863,ztfg
1863,ztfr
1864,ztfg
1864,ztfr
1865,ztfg
1865,ztfr
1866,ztfg
1866,ztfr
1867,ztfg
1867,ztfr
1868,ztfg
1868,ztfr
1869,ztfg
1869,ztfr
1870,ztfr
1871,ztfr
1872,ztfr
1873,ztfr
1874,ztfr
1875,ztfr
1876,ztfg
1876,ztfr
1877,ztfg
1877,ztfr
1878,ztfg
1878,ztfr
1879,ztfg
1879,ztfr
1880,ztfg
1880,ztfr
1881,ztfg
1881,ztfr
1882,ztfg
1882,ztfr
1883,ztfg
1883,ztfr
1884,ztfg
1884,ztfr
1885,ztfg
1885,ztfr
1886,ztfg
1886,ztfr
1887,ztfr
1892,ztfg
1892,ztfr
1893,ztfg
1893,ztfr
